Workbook

Sheet Dashboard
A1: Droid Tycoon Companion
A2: Fortnite Star Wars: Droid Tycoon Tracker | B2: =B4 -> 0
A4: Your Current Credits | B4: 0
A5: (enter this each time you play — used to check rebirth readiness)
A7: Summary
A8: Droids Owned | B8: =COUNTIF('Droid Database'!H2:H52,"<>None") -> 0
A9: Total Droids in Database | B9: 51
A10: Total Income / Second | B10: =SUM('Droid Database'!J2:J52) -> 0
A11: Total Income / Hour | B11: =B10*3600 -> 0
A13: Highest Rebirth Completed (enter manually) | B13: 0
A15: Next Rebirth Target
A16: Next Rebirth Level | B16: =B13+1 -> 1
A17: Credits Needed | B17: =IFERROR(INDEX('Rebirth Tracker'!B:B,MATCH(B16,'Rebirth Tracker'!A:A,0)),"—") -> 10000
A18: Credits Still Needed | B18: =IF(ISNUMBER(B17),MAX(B17-B4,0),"—") -> 10000
A19: Droid Requirements Met? | B19: =IFERROR(INDEX('Rebirth Tracker'!M:M,MATCH(B16,'Rebirth Tracker'!A:A,0)),"—") -> NOT YET
A20: Overall Status | B20: =IFERROR(INDEX('Rebirth Tracker'!M:M,MATCH(B16,'Rebirth Tracker'!A:A,0)),"—") -> NOT YET
A22: How to use this workbook
A23: 1. Go to 'Quick Entry' — pick a droid from the dropdown in column A, set Owned? to Yes, then pick its Tier.
A24: 2. 'Droid Database' updates automatically to show your full collection and total income.
A25: 3. Update 'Your Current Credits' above each time you check in.
A26: 4. Check 'Rebirth Tracker' to see exactly which rebirth levels you're ready for (green = ready).
A27: 5. 'Upgrade Costs' shows how many Upgrade Chips each rarity needs to level up a tier.
A28: 5. Droid list, income values, and rebirth requirements sourced from Insider Gaming (Droidex guide May 6 2026; Rebirth guide updated Jun 15 2026) — cross-check in-game as Epic patches the game.

Sheet Quick Entry
A1: Add your droids here
A2: Pick a droid from the dropdown, mark Owned = Yes, then pick the tier you have. That's it — the Droid Database and Rebirth Tracker update automatically.
A4: Droid | B4: Owned? | C4: Tier
B5: No
B6: No
B7: No
B8: No
B9: No
B10: No
B11: No
B12: No
B13: No
B14: No
B15: No
B16: No
... B63: No

Sheet Droid Database
A1: Name | B1: Type | C1: Rarity | D1: Base Income/s | E1: Gold Income/s | F1: Diamond Income/s | G1: Rainbow Income/s | H1: Owned Tier (auto) | I1: Owned Rank | J1: Current Income/s | K1: Notes
A2: Mouse | B2: Worker | C2: Common | D2: 2 | E2: 4 | F2: 8 | G2: 16 | H2: =IFERROR(IF(INDEX('Quick Entry'!$B$2:$B$60,MATCH(A2,'Quick Entry'!$A$2:$A$60,0))="Yes",INDEX('Quick Entry'!$C$2:$C$60,MATCH(A2,'Quick Entry'!$A$2:$A$60,0)),"None"),"None") -> None | I2: =IFERROR(VLOOKUP(H2,Lists!$A$2:$B$7,2,FALSE()),0) -> 0 | J2: =IF(H2="None",0,IF(H2="Base",D2,IF(H2="Gold",E2,IF(H2="Diamond",F2,IF(H2="Rainbow",G2,"N/A (TBC)"))))) -> 0
A3: Pit | B3: Worker | C3: Common | D3: 2 | E3: 4 | F3: 8 | G3: 16 | H3: =IFERROR(IF(INDEX('Quick Entry'!$B$2:$B$60,MATCH(A3,'Quick Entry'!$A$2:$A$60,0))="Yes",INDEX('Quick Entry'!$C$2:$C$60,MATCH(A3,'Quick Entry'!$A$2:$A$60,0)),"None"),"None") -> None | I3: =IFERROR(VLOOKUP(H3,Lists!$A$2:$B$7,2,FALSE()),0) -> 0 | J3: =IF(H3="None",0,IF(H3="Base",D3,IF(H3="Gold",E3,IF(H3="Diamond",F3,IF(H3="Rainbow",G3,"N/A (TBC)"))))) -> 0
A4: Gonk | B4: Worker | C4: Common | D4: 4 | E4: 8 | F4: 16 | G4: 32 | H4: =IFERROR(IF(INDEX('Quick Entry'!$B$2:$B$60,MATCH(A4,'Quick Entry'!$A$2:$A$60,0))="Yes",INDEX('Quick Entry'!$C$2:$C$60,MATCH(A4,'Quick Entry'!$A$2:$A$60,0)),"None"),"None") -> None | I4: =IFERROR(VLOOKUP(H4,Lists!$A$2:$B$7,2,FALSE()),0) -> 0 | J4: =IF(H4="None",0,IF(H4="Base",D4,IF(H4="Gold",E4,IF(H4="Diamond",F4,IF(H4="Rainbow",G4,"N/A (TBC)"))))) -> 0
A5: CB | B5: Astromech | C5: Common | D5: 3 | E5: 6 | F5: 12 | G5: 24 | H5: =IFERROR(IF(INDEX('Quick Entry'!$B$2:$B$60,MATCH(A5,'Quick Entry'!$A$2:$A$60,0))="Yes",INDEX('Quick Entry'!$C$2:$C$60,MATCH(A5,'Quick Entry'!$A$2:$A$60,0)),"None"),"None") -> None | I5: =IFERROR(VLOOKUP(H5,Lists!$A$2:$B$7,2,FALSE()),0) -> 0 | J5: =IF(H5="None",0,IF(H5="Base",D5,IF(H5="Gold",E5,IF(H5="Diamond",F5,IF(H5="Rainbow",G5,"N/A (TBC)"))))) -> 0
A6: R3 | B6: Astromech | C6: Common | D6: 3 | E6: 6 | F6: 12 | G6: 24 | H6: =IFERROR(IF(INDEX('Quick Entry'!$B$2:$B$60,MATCH(A6,'Quick Entry'!$A$2:$A$60,0))="Yes",INDEX('Quick Entry'!$C$2:$C$60,MATCH(A6,'Quick Entry'!$A$2:$A$60,0)),"None"),"None") -> None | I6: =IFERROR(VLOOKUP(H6,Lists!$A$2:$B$7,2,FALSE()),0) -> 0 | J6: =IF(H6="None",0,IF(H6="Base",D6,IF(H6="Gold",E6,IF(H6="Diamond",F6,IF(H6="Rainbow",G6,"N/A (TBC)"))))) -> 0
A7: R5 | B7: Astromech | C7: Common | D7: 3 | E7: 6 | F7: 12 | G7: 24 | H7: =IFERROR(IF(INDEX('Quick Entry'!$B$2:$B$60,MATCH(A7,'Quick Entry'!$A$2:$A$60,0))="Yes",INDEX('Quick Entry'!$C$2:$C$60,MATCH(A7,'Quick Entry'!$A$2:$A$60,0)),"None"),"None") -> None | I7: =IFERROR(VLOOKUP(H7,Lists!$A$2:$B$7,2,FALSE()),0) -> 0 | J7: =IF(H7="None",0,IF(H7="Base",D7,IF(H7="Gold",E7,IF(H7="Diamond",F7,IF(H7="Rainbow",G7,"N/A (TBC)"))))) -> 0
A8: R8 | B8: Astromech | C8: Common | D8: 4 | E8: 8 | F8: 16 | G8: 32 | H8: =IFERROR(IF(INDEX('Quick Entry'!$B$2:$B$60,MATCH(A8,'Quick Entry'!$A$2:$A$60,0))="Yes",INDEX('Quick Entry'!$C$2:$C$60,MATCH(A8,'Quick Entry'!$A$2:$A$60,0)),"None"),"None") -> None | I8: =IFERROR(VLOOKUP(H8,Lists!$A$2:$B$7,2,FALSE()),0) -> 0 | J8: =IF(H8="None",0,IF(H8="Base",D8,IF(H8="Gold",E8,IF(H8="Diamond",F8,IF(H8="Rainbow",G8,"N/A (TBC)"))))) -> 0
A9: Imperial Probe | B9: Battle | C9: Common | D9: 6 | E9: 12 | F9: 24 | G9: 48 | H9: =IFERROR(IF(INDEX('Quick Entry'!$B$2:$B$60,MATCH(A9,'Quick Entry'!$A$2:$A$60,0))="Yes",INDEX('Quick Entry'!$C$2:$C$60,MATCH(A9,'Quick Entry'!$A$2:$A$60,0)),"None"),"None") -> None | I9: =IFERROR(VLOOKUP(H9,Lists!$A$2:$B$7,2,FALSE()),0) -> 0 | J9: =IF(H9="None",0,IF(H9="Base",D9,IF(H9="Gold",E9,IF(H9="Diamond",F9,IF(H9="Rainbow",G9,"N/A (TBC)"))))) -> 0
A10: B1 Battle | B10: Battle | C10: Common | D10: 5 | E10: 10 | F10: 20 | G10: 40 | H10: =IFERROR(IF(INDEX('Quick Entry'!$B$2:$B$60,MATCH(A10,'Quick Entry'!$A$2:$A$60,0))="Yes",INDEX('Quick Entry'!$C$2:$C$60,MATCH(A10,'Quick Entry'!$A$2:$A$60,0)),"None"),"None") -> None | I10: =IFERROR(VLOOKUP(H10,Lists!$A$2:$B$7,2,FALSE()),0) -> 0 | J10: =IF(H10="None",0,IF(H10="Base",D10,IF(H10="Gold",E10,IF(H10="Diamond",F10,IF(H10="Rainbow",G10,"N/A (TBC)"))))) -> 0
A11: DRK-1 Probe | B11: Battle | C11: Common | D11: 3 | E11: 6 | F11: 12 | G11: 24 | H11: =IFERROR(IF(INDEX('Quick Entry'!$B$2:$B$60,MATCH(A11,'Quick Entry'!$A$2:$A$60,0))="Yes",INDEX('Quick Entry'!$C$2:$C$60,MATCH(A11,'Quick Entry'!$A$2:$A$60,0)),"None"),"None") -> None | I11: =IFERROR(VLOOKUP(H11,Lists!$A$2:$B$7,2,FALSE()),0) -> 0 | J11: =IF(H11="None",0,IF(H11="Base",D11,IF(H11="Gold",E11,IF(H11="Diamond",F11,IF(H11="Rainbow",G11,"N/A (TBC)"))))) -> 0
A12: ID10 | B12: Battle | C12: Common | D12: 4 | E12: 8 | F12: 16 | G12: 32 | H12: =IFERROR(IF(INDEX('Quick Entry'!$B$2:$B$60,MATCH(A12,'Quick Entry'!$A$2:$A$60,0))="Yes",INDEX('Quick Entry'!$C$2:$C$60,MATCH(A12,'Quick Entry'!$A$2:$A$60,0)),"None"),"None") -> None | I12: =IFERROR(VLOOKUP(H12,Lists!$A$2:$B$7,2,FALSE()),0) -> 0 | J12: =IF(H12="None",0,IF(H12="Base",D12,IF(H12="Gold",E12,IF(H12="Diamond",F12,IF(H12="Rainbow",G12,"N/A (TBC)"))))) -> 0
A13: BDX Explorer | B13: Worker | C13: Rare | D13: 15 | E13: 30 | F13: 60 | G13: 120 | H13: =IFERROR(IF(INDEX('Quick Entry'!$B$2:$B$60,MATCH(A13,'Quick Entry'!$A$2:$A$60,0))="Yes",INDEX('Quick Entry'!$C$2:$C$60,MATCH(A13,'Quick Entry'!$A$2:$A$60,0)),"None"),"None") -> None | I13: =IFERROR(VLOOKUP(H13,Lists!$A$2:$B$7,2,FALSE()),0) -> 0 | J13: =IF(H13="None",0,IF(H13="Base",D13,IF(H13="Gold",E13,IF(H13="Diamond",F13,IF(H13="Rainbow",G13,"N/A (TBC)"))))) -> 0
... A42: Haul-R | B42: Battle | C42: Epic | D42: 270 | E42: 540 | F42: 1080 | G42: 2160 | H42: =IFERROR(IF(INDEX('Quick Entry'!$B$2:$B$60,MATCH(A42,'Quick Entry'!$A$2:$A$60,0))="Yes",INDEX('Quick Entry'!$C$2:$C$60,MATCH(A42,'Quick Entry'!$A$2:$A$60,0)),"None"),"None") -> None | I42: =IFERROR(VLOOKUP(H42,Lists!$A$2:$B$7,2,FALSE()),0) -> 0 | J42: =IF(H42="None",0,IF(H42="Base",D42,IF(H42="Gold",E42,IF(H42="Diamond",F42,IF(H42="Rainbow",G42,"N/A (TBC)"))))) -> 0
A43: LNG-Shot | B43: Battle | C43: Epic | D43: 450 | E43: 900 | F43: 1800 | G43: 3600 | H43: =IFERROR(IF(INDEX('Quick Entry'!$B$2:$B$60,MATCH(A43,'Quick Entry'!$A$2:$A$60,0))="Yes",INDEX('Quick Entry'!$C$2:$C$60,MATCH(A43,'Quick Entry'!$A$2:$A$60,0)),"None"),"None") -> None | I43: =IFERROR(VLOOKUP(H43,Lists!$A$2:$B$7,2,FALSE()),0) -> 0 | J43: =IF(H43="None",0,IF(H43="Base",D43,IF(H43="Gold",E43,IF(H43="Diamond",F43,IF(H43="Rainbow",G43,"N/A (TBC)"))))) -> 0 | K43: Diamond value corrected to fit x2 pattern; source table showed 1.08k (likely a typo)
A44: Proto-Roller | B44: Battle | C44: Epic | D44: 972 | E44: 1944 | F44: 3888 | G44: 7776 | H44: =IFERROR(IF(INDEX('Quick Entry'!$B$2:$B$60,MATCH(A44,'Quick Entry'!$A$2:$A$60,0))="Yes",INDEX('Quick Entry'!$C$2:$C$60,MATCH(A44,'Quick Entry'!$A$2:$A$60,0)),"None"),"None") -> None | I44: =IFERROR(VLOOKUP(H44,Lists!$A$2:$B$7,2,FALSE()),0) -> 0 | J44: =IF(H44="None",0,IF(H44="Base",D44,IF(H44="Gold",E44,IF(H44="Diamond",F44,IF(H44="Rainbow",G44,"N/A (TBC)"))))) -> 0 | K44: Source lists slightly rounded k-values (1.94k/3.88k/7.76k); shown here as exact x2 doubling from base
A45: Mecha-Droid | B45: Worker | C45: Legendary | D45: 1040 | E45: 2080 | F45: 4160 | G45: 8320 | H45: =IFERROR(IF(INDEX('Quick Entry'!$B$2:$B$60,MATCH(A45,'Quick Entry'!$A$2:$A$60,0))="Yes",INDEX('Quick Entry'!$C$2:$C$60,MATCH(A45,'Quick Entry'!$A$2:$A$60,0)),"None"),"None") -> None | I45: =IFERROR(VLOOKUP(H45,Lists!$A$2:$B$7,2,FALSE()),0) -> 0 | J45: =IF(H45="None",0,IF(H45="Base",D45,IF(H45="Gold",E45,IF(H45="Diamond",F45,IF(H45="Rainbow",G45,"N/A (TBC)"))))) -> 0
A46: Mono-WLKR | B46: Worker | C46: Legendary | D46: 1120 | E46: 2240 | F46: 4480 | G46: 8960 | H46: =IFERROR(IF(INDEX('Quick Entry'!$B$2:$B$60,MATCH(A46,'Quick Entry'!$A$2:$A$60,0))="Yes",INDEX('Quick Entry'!$C$2:$C$60,MATCH(A46,'Quick Entry'!$A$2:$A$60,0)),"None"),"None") -> None | I46: =IFERROR(VLOOKUP(H46,Lists!$A$2:$B$7,2,FALSE()),0) -> 0 | J46: =IF(H46="None",0,IF(H46="Base",D46,IF(H46="Gold",E46,IF(H46="Diamond",F46,IF(H46="Rainbow",G46,"N/A (TBC)"))))) -> 0 | K46: Source rounded Gold/Diamond/Rainbow slightly (2.23k/4.46k/8.92k); shown here as exact x2 doubling
A47: BB9 | B47: Astromech | C47: Legendary | D47: 900 | E47: 1800 | F47: 3600 | G47: 7200 | H47: =IFERROR(IF(INDEX('Quick Entry'!$B$2:$B$60,MATCH(A47,'Quick Entry'!$A$2:$A$60,0))="Yes",INDEX('Quick Entry'!$C$2:$C$60,MATCH(A47,'Quick Entry'!$A$2:$A$60,0)),"None"),"None") -> None | I47: =IFERROR(VLOOKUP(H47,Lists!$A$2:$B$7,2,FALSE()),0) -> 0 | J47: =IF(H47="None",0,IF(H47="Base",D47,IF(H47="Gold",E47,IF(H47="Diamond",F47,IF(H47="Rainbow",G47,"N/A (TBC)"))))) -> 0
A48: R7 | B48: Astromech | C48: Legendary | D48: 1190 | E48: 2380 | F48: 4750 | G48: 9500 | H48: =IFERROR(IF(INDEX('Quick Entry'!$B$2:$B$60,MATCH(A48,'Quick Entry'!$A$2:$A$60,0))="Yes",INDEX('Quick Entry'!$C$2:$C$60,MATCH(A48,'Quick Entry'!$A$2:$A$60,0)),"None"),"None") -> None | I48: =IFERROR(VLOOKUP(H48,Lists!$A$2:$B$7,2,FALSE()),0) -> 0 | J48: =IF(H48="None",0,IF(H48="Base",D48,IF(H48="Gold",E48,IF(H48="Diamond",F48,IF(H48="Rainbow",G48,"N/A (TBC)"))))) -> 0
A49: B2-RP | B49: Battle | C49: Legendary | D49: 1400 | E49: 2800 | F49: 5600 | G49: 11200 | H49: =IFERROR(IF(INDEX('Quick Entry'!$B$2:$B$60,MATCH(A49,'Quick Entry'!$A$2:$A$60,0))="Yes",INDEX('Quick Entry'!$C$2:$C$60,MATCH(A49,'Quick Entry'!$A$2:$A$60,0)),"None"),"None") -> None | I49: =IFERROR(VLOOKUP(H49,Lists!$A$2:$B$7,2,FALSE()),0) -> 0 | J49: =IF(H49="None",0,IF(H49="Base",D49,IF(H49="Gold",E49,IF(H49="Diamond",F49,IF(H49="Rainbow",G49,"N/A (TBC)"))))) -> 0
A50: Cyclo-Grav | B50: Battle | C50: Legendary | D50: 1260 | E50: 2520 | F50: 5040 | G50: 10080 | H50: =IFERROR(IF(INDEX('Quick Entry'!$B$2:$B$60,MATCH(A50,'Quick Entry'!$A$2:$A$60,0))="Yes",INDEX('Quick Entry'!$C$2:$C$60,MATCH(A50,'Quick Entry'!$A$2:$A$60,0)),"None"),"None") -> None | I50: =IFERROR(VLOOKUP(H50,Lists!$A$2:$B$7,2,FALSE()),0) -> 0 | J50: =IF(H50="None",0,IF(H50="Base",D50,IF(H50="Gold",E50,IF(H50="Diamond",F50,IF(H50="Rainbow",G50,"N/A (TBC)"))))) -> 0
A51: Opti-STRK | B51: Battle | C51: Legendary | D51: 1510 | E51: 3020 | F51: 6040 | G51: 12080 | H51: =IFERROR(IF(INDEX('Quick Entry'!$B$2:$B$60,MATCH(A51,'Quick Entry'!$A$2:$A$60,0))="Yes",INDEX('Quick Entry'!$C$2:$C$60,MATCH(A51,'Quick Entry'!$A$2:$A$60,0)),"None"),"None") -> None | I51: =IFERROR(VLOOKUP(H51,Lists!$A$2:$B$7,2,FALSE()),0) -> 0 | J51: =IF(H51="None",0,IF(H51="Base",D51,IF(H51="Gold",E51,IF(H51="Diamond",F51,IF(H51="Rainbow",G51,"N/A (TBC)"))))) -> 0
A52: BB-8 | B52: Astromech | C52: Mythic | D52: TBC | E52: TBC | F52: TBC | G52: TBC | H52: =IFERROR(IF(INDEX('Quick Entry'!$B$2:$B$60,MATCH(A52,'Quick Entry'!$A$2:$A$60,0))="Yes",INDEX('Quick Entry'!$C$2:$C$60,MATCH(A52,'Quick Entry'!$A$2:$A$60,0)),"None"),"None") -> None | I52: =IFERROR(VLOOKUP(H52,Lists!$A$2:$B$7,2,FALSE()),0) -> 0 | J52: =IF(H52="None",0,IF(H52="Base",D52,IF(H52="Gold",E52,IF(H52="Diamond",F52,IF(H52="Rainbow",G52,"N/A (TBC)"))))) -> 0 | K52: Income values not yet published by Epic (TBC)

Sheet Rebirth Tracker
A1: Rebirth | B1: Credits Needed | C1: Credits Ready? | D1: Droid 1 | E1: Tier 1 | F1: Ready? | G1: Droid 2 | H1: Tier 2 | I1: Ready? | J1: Droid 3 | K1: Tier 3 | L1: Ready? | M1: ALL REQUIREMENTS MET?
A2: 1 | B2: 10000 | C2: =IF(Dashboard!$B$2>=B2,"YES","NO") -> NO | D2: CB | E2: Base | F2: =IF(IFERROR(VLOOKUP(D2,'Droid Database'!$A:$I,9,FALSE()),0)>=VLOOKUP(E2,Lists!$A$2:$B$7,2,FALSE()),"YES","NO") -> NO | G2: Pit | H2: Base | I2: =IF(IFERROR(VLOOKUP(G2,'Droid Database'!$A:$I,9,FALSE()),0)>=VLOOKUP(H2,Lists!$A$2:$B$7,2,FALSE()),"YES","NO") -> NO | J2: DRK-1 Probe | K2: Base | L2: =IF(IFERROR(VLOOKUP(J2,'Droid Database'!$A:$I,9,FALSE()),0)>=VLOOKUP(K2,Lists!$A$2:$B$7,2,FALSE()),"YES","NO") -> NO | M2: =IF(AND(C2="YES",F2="YES",I2="YES",L2="YES"),"READY","NOT YET") -> NOT YET
A3: 2 | B3: 150000 | C3: =IF(Dashboard!$B$2>=B3,"YES","NO") -> NO | D3: BDX Explorer | E3: Base | F3: =IF(IFERROR(VLOOKUP(D3,'Droid Database'!$A:$I,9,FALSE()),0)>=VLOOKUP(E3,Lists!$A$2:$B$7,2,FALSE()),"YES","NO") -> NO | G3: 2BB | H3: Base | I3: =IF(IFERROR(VLOOKUP(G3,'Droid Database'!$A:$I,9,FALSE()),0)>=VLOOKUP(H3,Lists!$A$2:$B$7,2,FALSE()),"YES","NO") -> NO | J3: Bal-Core | K3: Base | L3: =IF(IFERROR(VLOOKUP(J3,'Droid Database'!$A:$I,9,FALSE()),0)>=VLOOKUP(K3,Lists!$A$2:$B$7,2,FALSE()),"YES","NO") -> NO | M3: =IF(AND(C3="YES",F3="YES",I3="YES",L3="YES"),"READY","NOT YET") -> NOT YET
A4: 3 | B4: 975000 | C4: =IF(Dashboard!$B$2>=B4,"YES","NO") -> NO | D4: A-LT | E4: Base | F4: =IF(IFERROR(VLOOKUP(D4,'Droid Database'!$A:$I,9,FALSE()),0)>=VLOOKUP(E4,Lists!$A$2:$B$7,2,FALSE()),"YES","NO") -> NO | G4: BU-4D | H4: Base | I4: =IF(IFERROR(VLOOKUP(G4,'Droid Database'!$A:$I,9,FALSE()),0)>=VLOOKUP(H4,Lists!$A$2:$B$7,2,FALSE()),"YES","NO") -> NO | J4: R9 | K4: Gold | L4: =IF(IFERROR(VLOOKUP(J4,'Droid Database'!$A:$I,9,FALSE()),0)>=VLOOKUP(K4,Lists!$A$2:$B$7,2,FALSE()),"YES","NO") -> NO | M4: =IF(AND(C4="YES",F4="YES",I4="YES",L4="YES"),"READY","NOT YET") -> NOT YET
A5: 4 | B5: 2950000 | C5: =IF(Dashboard!$B$2>=B5,"YES","NO") -> NO | D5: ARG | E5: Gold | F5: =IF(IFERROR(VLOOKUP(D5,'Droid Database'!$A:$I,9,FALSE()),0)>=VLOOKUP(E5,Lists!$A$2:$B$7,2,FALSE()),"YES","NO") -> NO | G5: B1 Security | H5: Gold | I5: =IF(IFERROR(VLOOKUP(G5,'Droid Database'!$A:$I,9,FALSE()),0)>=VLOOKUP(H5,Lists!$A$2:$B$7,2,FALSE()),"YES","NO") -> NO | J5: Groundmech | K5: Base | L5: =IF(IFERROR(VLOOKUP(J5,'Droid Database'!$A:$I,9,FALSE()),0)>=VLOOKUP(K5,Lists!$A$2:$B$7,2,FALSE()),"YES","NO") -> NO | M5: =IF(AND(C5="YES",F5="YES",I5="YES",L5="YES"),"READY","NOT YET") -> NOT YET
A6: 5 | B6: 5350000 | C6: =IF(Dashboard!$B$2>=B6,"YES","NO") -> NO | D6: BU-4D | E6: Gold | F6: =IF(IFERROR(VLOOKUP(D6,'Droid Database'!$A:$I,9,FALSE()),0)>=VLOOKUP(E6,Lists!$A$2:$B$7,2,FALSE()),"YES","NO") -> NO | G6: HOV-R | H6: Gold | I6: =IF(IFERROR(VLOOKUP(G6,'Droid Database'!$A:$I,9,FALSE()),0)>=VLOOKUP(H6,Lists!$A$2:$B$7,2,FALSE()),"YES","NO") -> NO | J6: R9 | K6: Diamond | L6: =IF(IFERROR(VLOOKUP(J6,'Droid Database'!$A:$I,9,FALSE()),0)>=VLOOKUP(K6,Lists!$A$2:$B$7,2,FALSE()),"YES","NO") -> NO | M6: =IF(AND(C6="YES",F6="YES",I6="YES",L6="YES"),"READY","NOT YET") -> NOT YET
A7: 6 | B7: 9850000 | C7: =IF(Dashboard!$B$2>=B7,"YES","NO") -> NO | D7: Groundmech | E7: Gold | F7: =IF(IFERROR(VLOOKUP(D7,'Droid Database'!$A:$I,9,FALSE()),0)>=VLOOKUP(E7,Lists!$A$2:$B$7,2,FALSE()),"YES","NO") -> NO | G7: ARG | H7: Diamond | I7: =IF(IFERROR(VLOOKUP(G7,'Droid Database'!$A:$I,9,FALSE()),0)>=VLOOKUP(H7,Lists!$A$2:$B$7,2,FALSE()),"YES","NO") -> NO | J7: A-LT | K7: Diamond | L7: =IF(IFERROR(VLOOKUP(J7,'Droid Database'!$A:$I,9,FALSE()),0)>=VLOOKUP(K7,Lists!$A$2:$B$7,2,FALSE()),"YES","NO") -> NO | M7: =IF(AND(C7="YES",F7="YES",I7="YES",L7="YES"),"READY","NOT YET") -> NOT YET
A8: 7 | B8: 14500000 | C8: =IF(Dashboard!$B$2>=B8,"YES","NO") -> NO | D8: BB | E8: Gold | F8: =IF(IFERROR(VLOOKUP(D8,'Droid Database'!$A:$I,9,FALSE()),0)>=VLOOKUP(E8,Lists!$A$2:$B$7,2,FALSE()),"YES","NO") -> NO | G8: B1 Security | H8: Diamond | I8: =IF(IFERROR(VLOOKUP(G8,'Droid Database'!$A:$I,9,FALSE()),0)>=VLOOKUP(H8,Lists!$A$2:$B$7,2,FALSE()),"YES","NO") -> NO | J8: BU-4D | K8: Diamond | L8: =IF(IFERROR(VLOOKUP(J8,'Droid Database'!$A:$I,9,FALSE()),0)>=VLOOKUP(K8,Lists!$A$2:$B$7,2,FALSE()),"YES","NO") -> NO | M8: =IF(AND(C8="YES",F8="YES",I8="YES",L8="YES"),"READY","NOT YET") -> NOT YET
A9: 8 | B9: 36000000 | C9: =IF(Dashboard!$B$2>=B9,"YES","NO") -> NO | D9: Util-Tec | E9: Gold | F9: =IF(IFERROR(VLOOKUP(D9,'Droid Database'!$A:$I,9,FALSE()),0)>=VLOOKUP(E9,Lists!$A$2:$B$7,2,FALSE()),"YES","NO") -> NO | G9: LO | H9: Gold | I9: =IF(IFERROR(VLOOKUP(G9,'Droid Database'!$A:$I,9,FALSE()),0)>=VLOOKUP(H9,Lists!$A$2:$B$7,2,FALSE()),"YES","NO") -> NO | J9: HOV-R | K9: Diamond | L9: =IF(IFERROR(VLOOKUP(J9,'Droid Database'!$A:$I,9,FALSE()),0)>=VLOOKUP(K9,Lists!$A$2:$B$7,2,FALSE()),"YES","NO") -> NO | M9: =IF(AND(C9="YES",F9="YES",I9="YES",L9="YES"),"READY","NOT YET") -> NOT YET
A10: 9 | B10: 89000000 | C10: =IF(Dashboard!$B$2>=B10,"YES","NO") -> NO | D10: Groundmech | E10: Rainbow | F10: =IF(IFERROR(VLOOKUP(D10,'Droid Database'!$A:$I,9,FALSE()),0)>=VLOOKUP(E10,Lists!$A$2:$B$7,2,FALSE()),"YES","NO") -> NO | G10: R6 | H10: Gold | I10: =IF(IFERROR(VLOOKUP(G10,'Droid Database'!$A:$I,9,FALSE()),0)>=VLOOKUP(H10,Lists!$A$2:$B$7,2,FALSE()),"YES","NO") -> NO | J10: TRAK-R | K10: Gold | L10: =IF(IFERROR(VLOOKUP(J10,'Droid Database'!$A:$I,9,FALSE()),0)>=VLOOKUP(K10,Lists!$A$2:$B$7,2,FALSE()),"YES","NO") -> NO | M10: =IF(AND(C10="YES",F10="YES",I10="YES",L10="YES"),"READY","NOT YET") -> NOT YET
A11: 10 | B11: 220000000 | C11: =IF(Dashboard!$B$2>=B11,"YES","NO") -> NO | D11: LO | E11: Rainbow | F11: =IF(IFERROR(VLOOKUP(D11,'Droid Database'!$A:$I,9,FALSE()),0)>=VLOOKUP(E11,Lists!$A$2:$B$7,2,FALSE()),"YES","NO") -> NO | G11: Haul-R | H11: Rainbow | I11: =IF(IFERROR(VLOOKUP(G11,'Droid Database'!$A:$I,9,FALSE()),0)>=VLOOKUP(H11,Lists!$A$2:$B$7,2,FALSE()),"YES","NO") -> NO | J11: Strike-Orb | K11: Gold | L11: =IF(IFERROR(VLOOKUP(J11,'Droid Database'!$A:$I,9,FALSE()),0)>=VLOOKUP(K11,Lists!$A$2:$B$7,2,FALSE()),"YES","NO") -> NO | M11: =IF(AND(C11="YES",F11="YES",I11="YES",L11="YES"),"READY","NOT YET") -> NOT YET
A12: 11 | B12: 550000000 | C12: =IF(Dashboard!$B$2>=B12,"YES","NO") -> NO | D12: AMP Walker | E12: Rainbow | F12: =IF(IFERROR(VLOOKUP(D12,'Droid Database'!$A:$I,9,FALSE()),0)>=VLOOKUP(E12,Lists!$A$2:$B$7,2,FALSE()),"YES","NO") -> NO | G12: B1 Heavy | H12: Rainbow | I12: =IF(IFERROR(VLOOKUP(G12,'Droid Database'!$A:$I,9,FALSE()),0)>=VLOOKUP(H12,Lists!$A$2:$B$7,2,FALSE()),"YES","NO") -> NO | J12: BB9 | K12: Base | L12: =IF(IFERROR(VLOOKUP(J12,'Droid Database'!$A:$I,9,FALSE()),0)>=VLOOKUP(K12,Lists!$A$2:$B$7,2,FALSE()),"YES","NO") -> NO | M12: =IF(AND(C12="YES",F12="YES",I12="YES",L12="YES"),"READY","NOT YET") -> NOT YET
A13: 12 | B13: 1360000000 | C13: =IF(Dashboard!$B$2>=B13,"YES","NO") -> NO | D13: Proto-Roller | E13: Gold | F13: =IF(IFERROR(VLOOKUP(D13,'Droid Database'!$A:$I,9,FALSE()),0)>=VLOOKUP(E13,Lists!$A$2:$B$7,2,FALSE()),"YES","NO") -> NO | G13: Mecha-Droid | H13: Base | I13: =IF(IFERROR(VLOOKUP(G13,'Droid Database'!$A:$I,9,FALSE()),0)>=VLOOKUP(H13,Lists!$A$2:$B$7,2,FALSE()),"YES","NO") -> NO | J13: Mono-WLKR | K13: Base | L13: =IF(IFERROR(VLOOKUP(J13,'Droid Database'!$A:$I,9,FALSE()),0)>=VLOOKUP(K13,Lists!$A$2:$B$7,2,FALSE()),"YES","NO") -> NO | M13: =IF(AND(C13="YES",F13="YES",I13="YES",L13="YES"),"READY","NOT YET") -> NOT YET
... A24: 23 | B24: 6000000000000 | C24: =IF(Dashboard!$B$2>=B24,"YES","NO") -> NO | D24: Opti-STRK | E24: Beskar | F24: =IF(IFERROR(VLOOKUP(D24,'Droid Database'!$A:$I,9,FALSE()),0)>=VLOOKUP(E24,Lists!$A$2:$B$7,2,FALSE()),"YES","NO") -> NO | G24: Mono-WLKR | H24: Beskar | I24: =IF(IFERROR(VLOOKUP(G24,'Droid Database'!$A:$I,9,FALSE()),0)>=VLOOKUP(H24,Lists!$A$2:$B$7,2,FALSE()),"YES","NO") -> NO | J24: R7 | K24: Beskar | L24: =IF(IFERROR(VLOOKUP(J24,'Droid Database'!$A:$I,9,FALSE()),0)>=VLOOKUP(K24,Lists!$A$2:$B$7,2,FALSE()),"YES","NO") -> NO | M24: =IF(AND(C24="YES",F24="YES",I24="YES",L24="YES"),"READY","NOT YET") -> NOT YET

Sheet Upgrade Costs
A1: Upgrade Chip Costs by Rarity
A3: Rarity | B3: Chips: Base -> Gold | C3: Chips: Gold -> Diamond | D3: Chips: Diamond -> Rainbow
A4: Common | B4: 5 | C4: 10 | D4: 15
A5: Rare | B5: 30 | C5: 50 | D5: 75
A6: Epic | B6: 120 | C6: 180 | D6: 240
A7: Legendary | B7: 400 | C7: 1200 | D7: 4000
A8: Mythic | B8: TBC | C8: TBC | D8: TBC
A10: Source: Insider Gaming, Droidex guide (May 6, 2026). Cross-check in-game before heavy chip investment.

Sheet Lists
A1: Tier | B1: Rank | D1: YesNo | F1: OwnedTierChoices
A2: None | B2: 0 | D2: Yes | F2: Base
A3: Base | B3: 1 | D3: No | F3: Gold
A4: Gold | B4: 2 | F4: Diamond
A5: Diamond | B5: 3 | F5: Rainbow
A6: Rainbow | B6: 4 | F6: Beskar
A7: Beskar | B7: 5
